{"RBF_SVM": [0.67170111287758349, 0.72727272727272729, 0.018280000000000109, 0.068135796100000146, 0.10353055879999992], "Extra_Trees": [0.81558028616852152, 0.72294372294372289, 0.018280000000000109, 0.16939479469999988, 0.3269185627000008], "Gaussian_NB": [0.67806041335453104, 0.7186147186147186, 0.018280000000000109, 0.10113485700000055, 0.17723170300000074], "log_regression": [0.67726550079491254, 0.70995670995671001, 0.018280000000000109, 0.10397183510000013, 0.18362963249999995], "Random_forest": [0.68759936406995226, 0.74025974025974028, 0.018280000000000109, 0.13371984230000053, 0.24924967040000029], "Ensemble": [0.69634340222575519, 0.7186147186147186, 0.018280000000000109, 0.10690791410000038, 0.18993882000000012]}