{"RBF_SVM": [0.70349761526232113, 0.67099567099567103, 0.051687924100000053, 0.094787698699999964, 0.1255814628999993], "Extra_Trees": [0.77424483306836245, 0.70995670995671001, 0.051687924100000053, 0.16273565479999924, 0.27271937439999927], "Gaussian_NB": [0.69395866454689981, 0.74458874458874458, 0.051687924100000053, 0.13372865640000053, 0.21164139699999995], "log_regression": [0.70985691573926868, 0.68398268398268403, 0.051687924100000053, 0.11548171899999943, 0.17080551659999929], "Random_forest": [0.71701112877583462, 0.74025974025974028, 0.051687924100000053, 0.21925561119999984, 0.40090324499999913], "Ensemble": [0.71701112877583462, 0.70129870129870131, 0.051687924100000053, 0.1203677528999995, 0.18088756889999932]}