{"RBF_SVM": [0.67806041335453104, 0.63203463203463206, -0.096274036300000074, -0.11620209620000005, -0.14025615590000015], "Extra_Trees": [0.70031796502384736, 0.61904761904761907, -0.096274036300000074, -0.17433629139999993, -0.25327651530000039], "Gaussian_NB": [0.68203497615262321, 0.63636363636363635, -0.096274036300000074, -0.14149826800000009, -0.18935248619999984], "log_regression": [0.68203497615262321, 0.63636363636363635, -0.096274036300000074, -0.078333053899999866, -0.063754078500000103], "Random_forest": [0.69316375198728142, 0.65800865800865804, -0.096274036300000074, -0.051463974999999121, -0.01413891539999986], "Ensemble": [0.68680445151033387, 0.62770562770562766, -0.096274036300000074, -0.13566717410000001, -0.17744630480000015]}