{"RBF_SVM": [0.70588235294117652, 0.68831168831168832, -0.021320025600000007, -0.0059939885999994655, -0.0028789460999994842], "Extra_Trees": [0.70985691573926868, 0.68831168831168832, -0.021320025600000007, -0.036867051299999731, -0.061038072799999649], "Gaussian_NB": [0.69475357710651831, 0.68398268398268403, -0.021320025600000007, -0.012443051799999558, -0.015462072799999442], "log_regression": [0.71144674085850557, 0.65367965367965364, -0.021320025600000007, -0.078430554599999591, -0.14043806479999948], "Random_forest": [0.75834658187599369, 0.7056277056277056, -0.021320025600000007, -0.0056159059999994496, -0.00066177029999907972], "Ensemble": [0.71701112877583462, 0.68398268398268403, -0.021320025600000007, -0.027399059999999736, -0.045498082399999293]}