{"RBF_SVM": [0.67170111287758349, 0.73593073593073588, 0.071128000000000066, 0.059572000700000356, 0.039131003700000472], "Extra_Trees": [0.67726550079491254, 0.7142857142857143, 0.071128000000000066, 0.092354034300000054, 0.10599506130000064], "Gaussian_NB": [0.67408585055643877, 0.73593073593073588, 0.071128000000000066, 0.057560058700000624, 0.036518120100000849], "log_regression": [0.67329093799682038, 0.73160173160173159, 0.071128000000000066, 0.032924804299999957, -0.014274392200000147], "Random_forest": [0.69077901430842603, 0.70129870129870131, 0.071128000000000066, 0.088592024700000369, 0.096621040700001867], "Ensemble": [0.68203497615262321, 0.74891774891774887, 0.071128000000000066, 0.08545201760000054, 0.089103037200000831]}