{"RBF_SVM": [0.69872813990461047, 0.73593073593073588, 0.018019965999999839, 0.21843055609999901, 0.44809870919999883], "Extra_Trees": [0.72337042925278217, 0.69696969696969702, 0.018019965999999839, 0.18224038079999974, 0.36473977070000035], "Gaussian_NB": [0.69077901430842603, 0.67965367965367962, 0.018019965999999839, 0.16179737089999907, 0.31746680330000038], "log_regression": [0.69475357710651831, 0.67965367965367962, 0.018019965999999839, 0.13682545959999934, 0.26190194469999806], "Random_forest": [0.7066772655007949, 0.67965367965367962, 0.018019965999999839, 0.15662907949999916, 0.30569123039999957], "Ensemble": [0.70270270270270274, 0.70995670995671001, 0.018019965999999839, 0.18402148049999942, 0.36831553819999879]}