{"RBF_SVM": [0.66216216216216217, 0.69264069264069261, 0.0065890371999999843, -0.038408970199999934, -0.088350991100000095], "Extra_Trees": [0.66613672496025433, 0.76190476190476186, 0.0065890371999999843, 0.0271918952, 0.041462727499999165], "Gaussian_NB": [0.65103338632750396, 0.73593073593073588, 0.0065890371999999843, 0.0078028163000000861, 0.0027705830999999307], "log_regression": [0.67726550079491254, 0.69264069264069261, 0.0065890371999999843, -0.013780054000000019, -0.040472161100000632], "Random_forest": [0.71542130365659773, 0.7186147186147186, 0.0065890371999999843, 0.0028458729999991193, -0.0057742988000010886], "Ensemble": [0.67249602543720188, 0.73593073593073588, 0.0065890371999999843, 0.0042898696999998723, -0.0036203170000002503]}