{"RBF_SVM": [0.66613672496025433, 0.60434782608695647, 0.11203196110000008, 0.19077128839999949, 0.2520966471999993], "Extra_Trees": [0.74562798092209859, 0.66086956521739126, 0.11203196110000008, 0.24036856430000025, 0.36598515089999872], "Gaussian_NB": [0.66216216216216217, 0.64782608695652177, 0.11203196110000008, 0.27998482169999989, 0.44629915199999848], "log_regression": [0.66931637519872811, 0.64782608695652177, 0.11203196110000008, 0.30561448840000027, 0.50247501859999943], "Random_forest": [0.7933227344992051, 0.63913043478260867, 0.11203196110000008, 0.19524333079999978, 0.26100424579999781], "Ensemble": [0.70826709062003179, 0.65652173913043477, 0.11203196110000008, 0.27513920709999912, 0.44125599009999916]}