{"RBF_SVM": [0.66613672496025433, 0.60434782608695647, 0.11242096110000002, 0.19416928879999995, 0.25993564959999932], "Extra_Trees": [0.84022257551669322, 0.64347826086956517, 0.11242096110000002, 0.33617369520000068, 0.57973137410000053], "Gaussian_NB": [0.66216216216216217, 0.64782608695652177, 0.11242096110000002, 0.28500482089999968, 0.45785765009999924], "log_regression": [0.66931637519872811, 0.64782608695652177, 0.11242096110000002, 0.31165998819999968, 0.51663601789999958], "Random_forest": [0.68600953895071537, 0.59565217391304348, 0.11242096110000002, 0.13945324099999926, 0.14805852849999865], "Ensemble": [0.70429252782193963, 0.63043478260869568, 0.11242096110000002, 0.30353704659999914, 0.49759515629999951]}