{"RBF_SVM": [0.66693163751987283, 0.64782608695652177, -0.15317999999999993, -0.061978314299999691, 0.025856396400000085], "Extra_Trees": [0.7321144674085851, 0.63043478260869568, -0.15317999999999993, -0.078891213900000007, -0.012834404600000016], "Gaussian_NB": [0.65023847376788557, 0.60869565217391308, -0.15317999999999993, -0.074965980299999499, -0.00089296169999961421], "log_regression": [0.67249602543720188, 0.66956521739130437, -0.15317999999999993, 0.012927107800000158, 0.18485322489999997], "Random_forest": [0.72734499205087444, 0.60434782608695647, -0.15317999999999993, -0.030914665999999487, 0.090434220700000872], "Ensemble": [0.68918918918918914, 0.63478260869565217, -0.15317999999999993, -0.060513856800000029, 0.027834818499999893]}