{"RBF_SVM": [0.64785373608903019, 0.59565217391304348, -0.15295799999999982, -0.087134089799999676, -0.026874171799999385], "Extra_Trees": [0.69077901430842603, 0.61304347826086958, -0.15295799999999982, -0.082498743699999613, -0.030323499399999308], "Gaussian_NB": [0.65341812400635935, 0.60434782608695647, -0.15295799999999982, -0.066709137799999735, 0.015116725800000676], "log_regression": [0.66216216216216217, 0.63913043478260867, -0.15295799999999982, -0.09387978100000019, -0.041056572100000084], "Random_forest": [0.73926868044515104, 0.59565217391304348, -0.15295799999999982, -0.068321025400000332, 0.0079639554999997933], "Ensemble": [0.67249602543720188, 0.59130434782608698, -0.15295799999999982, -0.04978117039999979, 0.052080641200000173]}