{"RBF_SVM": [0.68362480127186009, 0.7186147186147186, 0.018280000000000109, 0.068774899700000974, 0.11588978960000058], "Extra_Trees": [0.71462639109697934, 0.70995670995671001, 0.018280000000000109, 0.10021879010000048, 0.18073255170000158], "Gaussian_NB": [0.67806041335453104, 0.7186147186147186, 0.018280000000000109, 0.07698904050000055, 0.132747092900001], "log_regression": [0.67726550079491254, 0.70995670995671001, 0.018280000000000109, 0.076957008800000767, 0.13153800470000004], "Random_forest": [0.81399046104928463, 0.7186147186147186, 0.018280000000000109, 0.058396840500000692, 0.091008636900001147], "Ensemble": [0.71144674085850557, 0.72727272727272729, 0.018280000000000109, 0.07623800280000069, 0.13089800700000015]}