{"RBF_SVM": [0.70349761526232113, 0.68260869565217386, 0.035120979300000001, 0.062712790900000259, 0.083120596799999655], "Extra_Trees": [0.77424483306836245, 0.72173913043478266, 0.035120979300000001, 0.1032057135999994, 0.16742546049999965], "Gaussian_NB": [0.69395866454689981, 0.75652173913043474, 0.035120979300000001, 0.13524273870000034, 0.23675748300000088], "log_regression": [0.70906200317965029, 0.69565217391304346, 0.035120979300000001, 0.074773773900000381, 0.10690857190000061], "Random_forest": [0.71701112877583462, 0.75217391304347825, 0.035120979300000001, 0.18573177390000037, 0.34828454540000131], "Ensemble": [0.71701112877583462, 0.71304347826086956, 0.035120979300000001, 0.083609879899999393, 0.12585177570000014]}