{"RBF_SVM": [0.70826709062003179, 0.69999999999999996, 0.034920979300000002, 0.11123375469999992, 0.18411351949999935], "Extra_Trees": [0.70985691573926868, 0.70434782608695656, 0.034920979300000002, 0.12693685449999975, 0.21519772219999922], "Gaussian_NB": [0.69713831478537358, 0.75217391304347825, 0.034920979300000002, 0.19050781310000003, 0.35881761430000081], "log_regression": [0.70508744038155802, 0.67391304347826086, 0.034920979300000002, 0.053571762100000163, 0.064261541499999117], "Random_forest": [0.74880763116057236, 0.73478260869565215, 0.034920979300000002, 0.15318698390000027, 0.2785629850000001], "Ensemble": [0.71303656597774245, 0.71304347826086956, 0.034920979300000002, 0.1114268165999998, 0.18414464609999942]}