{"RBF_SVM": [0.68044515103338632, 0.72844827586206895, -0.0041989999999999779, 0.085394986299999795, 0.17311496030000054], "Extra_Trees": [0.69316375198728142, 0.73706896551724133, -0.0041989999999999779, 0.13243388849999957, 0.27298874769999931], "Gaussian_NB": [0.65421303656597773, 0.73275862068965514, -0.0041989999999999779, 0.064762930999999843, 0.1269178413000005], "log_regression": [0.67806041335453104, 0.69827586206896552, -0.0041989999999999779, 0.021124084700000274, 0.037040168800000536], "Random_forest": [0.72496025437201905, 0.74137931034482762, -0.0041989999999999779, 0.04534193649999925, 0.088248873899999677], "Ensemble": [0.69077901430842603, 0.74137931034482762, -0.0041989999999999779, 0.11864591639999998, 0.24209981680000056]}