{"RBF_SVM": [0.68044515103338632, 0.73160173160173159, 0.0065890371999999843, 0.085294986299999806, 0.16068691710000038], "Extra_Trees": [0.69316375198728142, 0.74025974025974028, 0.0065890371999999843, 0.13233388849999955, 0.25951670089999934], "Gaussian_NB": [0.65421303656597773, 0.73593073593073588, 0.0065890371999999843, 0.064762930999999843, 0.11473779930000055], "log_regression": [0.67806041335453104, 0.70129870129870131, 0.0065890371999999843, 0.021024084700000275, 0.026120130800000516], "Random_forest": [0.72496025437201905, 0.74458874458874458, 0.0065890371999999843, 0.045241936499999247, 0.076748833899999772], "Ensemble": [0.69077901430842603, 0.74458874458874458, 0.0065890371999999843, 0.11854591639999999, 0.22897577120000043]}