{"RBF_SVM": [0.67806041335453104, 0.65217391304347827, -0.10151900000000005, -0.14567408470000009, -0.19387316629999987], "Extra_Trees": [0.70031796502384736, 0.63043478260869568, -0.10151900000000005, -0.19671633140000014, -0.29195663000000077], "Gaussian_NB": [0.68203497615262321, 0.65652173913043477, -0.10151900000000005, -0.1453752214, -0.1932894304999998], "log_regression": [0.68203497615262321, 0.65652173913043477, -0.10151900000000005, -0.096736878499999693, -0.10042775359999996], "Random_forest": [0.69316375198728142, 0.67826086956521736, -0.10151900000000005, -0.064920113099999802, -0.041170230400000035], "Ensemble": [0.68680445151033387, 0.64782608695652177, -0.10151900000000005, -0.1600361742000001, -0.22441434069999977]}