{"RBF_SVM": [0.68680445151033387, 0.69565217391304346, -0.10171900000000005, -0.062200172200000452, -0.034620352400000408], "Extra_Trees": [0.68759936406995226, 0.67391304347826086, -0.10171900000000005, -0.078964130399999527, -0.07284826119999889], "Gaussian_NB": [0.68124006359300482, 0.64347826086956517, -0.10171900000000005, -0.16574513889999998, -0.23533027549999988], "log_regression": [0.68759936406995226, 0.68260869565217386, -0.10171900000000005, -0.062178998700000196, -0.035246996499999843], "Random_forest": [0.77980922098569161, 0.62608695652173918, -0.10171900000000005, -0.16320498269999972, -0.22936697950000026], "Ensemble": [0.69395866454689981, 0.67826086956521736, -0.10171900000000005, -0.08853913269999994, -0.088063273800000202]}