{"RBF_SVM": [0.7074721780604134, 0.70869565217391306, -0.033224025600000096, -0.053547025199999189, -0.08245401599999895], "Extra_Trees": [0.75914149443561207, 0.67391304347826086, -0.033224025600000096, -0.074022982399999812, -0.12133493149999995], "Gaussian_NB": [0.69793322734499208, 0.68695652173913047, -0.033224025600000096, -0.012065036300000428, 0.00082195900000006075], "log_regression": [0.71144674085850557, 0.66521739130434787, -0.033224025600000096, -0.057629003900000135, -0.089600990500000449], "Random_forest": [0.75834658187599369, 0.70434782608695656, -0.033224025600000096, -0.051245932499999799, -0.075526827000000227], "Ensemble": [0.72575516693163755, 0.69999999999999996, -0.033224025600000096, -0.030613944499999705, -0.037712847399999555]}