{"RBF_SVM": [0.70588235294117652, 0.68695652173913047, -0.033024025600000097, -0.04203201049999989, -0.060104983199999518], "Extra_Trees": [0.70985691573926868, 0.68695652173913047, -0.033024025600000097, -0.06979501129999971, -0.11042698919999948], "Gaussian_NB": [0.69475357710651831, 0.68260869565217386, -0.033024025600000097, -0.051224086399999577, -0.076761134899999708], "log_regression": [0.71383147853736084, 0.66956521739130437, -0.033024025600000097, -0.029564784500000316, -0.037278518999999691], "Random_forest": [0.75834658187599369, 0.70434782608695656, -0.033024025600000097, -0.049204932899999769, -0.07265782579999977], "Ensemble": [0.71621621621621623, 0.68260869565217386, -0.033024025600000097, -0.070392085100000071, -0.11419313079999956]}