{"RBF_SVM": [0.66057233704292528, 0.74347826086956526, 0.059704048000000148, 0.096628959400000353, 0.12032188220000008], "Extra_Trees": [0.67170111287758349, 0.69999999999999996, 0.059704048000000148, 0.078847018500000379, 0.086940988500000635], "Gaussian_NB": [0.66931637519872811, 0.73478260869565215, 0.059704048000000148, 0.10418419519999988, 0.13333936400000038], "log_regression": [0.67170111287758349, 0.69565217391304346, 0.059704048000000148, 0.073808066000000686, 0.076073081400001324], "Random_forest": [0.68839427662957076, 0.72608695652173916, 0.059704048000000148, 0.20106324860000058, 0.34445547060000065], "Ensemble": [0.68044515103338632, 0.74347826086956526, 0.059704048000000148, 0.15476714260000027, 0.24130024120000107]}