{"RBF_SVM": [0.67170111287758349, 0.73478260869565215, 0.059904048000000147, 0.1224430917000007, 0.17713614120000074], "Extra_Trees": [0.67726550079491254, 0.71304347826086956, 0.059904048000000147, 0.16153317040000056, 0.25990029770000128], "Gaussian_NB": [0.67408585055643877, 0.73478260869565215, 0.059904048000000147, 0.13929219390000072, 0.2132253567000009], "log_regression": [0.67329093799682038, 0.73043478260869565, 0.059904048000000147, 0.038419980100000792, 0.0030299158000003444], "Random_forest": [0.69077901430842603, 0.69999999999999996, 0.059904048000000147, 0.14119100820000058, 0.21686393740000112], "Ensemble": [0.68203497615262321, 0.74782608695652175, 0.059904048000000147, 0.1963762175000007, 0.33562341020000097]}