{"RBF_SVM": [0.69952305246422897, 0.73593073593073588, 0.018019965999999839, 0.14692178139999978, 0.28516557480000049], "Extra_Trees": [0.68282988871224171, 0.7142857142857143, 0.018019965999999839, 0.17980784679999962, 0.35614420230000016], "Gaussian_NB": [0.69077901430842603, 0.67965367965367962, 0.018019965999999839, 0.090046679699999549, 0.16254487020000052], "log_regression": [0.69793322734499208, 0.68398268398268403, 0.018019965999999839, 0.070579249600000546, 0.12076150719999897], "Random_forest": [0.7066772655007949, 0.67965367965367962, 0.018019965999999839, 0.10009439110000003, 0.18083280899999937], "Ensemble": [0.69872813990461047, 0.7186147186147186, 0.018019965999999839, 0.15490263460000042, 0.30365976010000029]}