{"RBF_SVM": [0.69952305246422897, 0.73706896551724133, 0.0081599999999998549, 0.14692178139999978, 0.2977225315000005], "Extra_Trees": [0.68282988871224171, 0.71120689655172409, 0.0081599999999998549, 0.17980784679999962, 0.3693971566], "Gaussian_NB": [0.69077901430842603, 0.68103448275862066, 0.0081599999999998549, 0.090046679699999549, 0.1738838311000003], "log_regression": [0.69872813990461047, 0.68965517241379315, 0.0081599999999998549, 0.081399282499999032, 0.1543975338999995], "Random_forest": [0.7066772655007949, 0.68103448275862066, 0.0081599999999998549, 0.10009439110000003, 0.19237476919999935], "Ensemble": [0.69713831478537358, 0.71551724137931039, 0.0081599999999998549, 0.15175213500000009, 0.3092007182000005]}