{"RBF_SVM": [0.69872813990461047, 0.73043478260869565, 0.011220000000000072, 0.17255782290000007, 0.35308663139999974], "Extra_Trees": [0.72337042925278217, 0.69999999999999996, 0.011220000000000072, 0.11911869460000053, 0.23268131950000079], "Gaussian_NB": [0.69077901430842603, 0.67391304347826086, 0.011220000000000072, 0.093419679499999977, 0.17849832960000023], "log_regression": [0.69475357710651831, 0.68260869565217386, 0.011220000000000072, 0.069032887799999845, 0.12484875129999909], "Random_forest": [0.7066772655007949, 0.67391304347826086, 0.011220000000000072, 0.10370489100000031, 0.19726276870000001], "Ensemble": [0.70270270270270274, 0.70434782608695656, 0.011220000000000072, 0.14323875160000024, 0.2864774836999997]}