{"RBF_SVM": [0.66613672496025433, 0.60173160173160178, 0.12798096110000007, 0.1204553152000004, 0.092950664900000271], "Extra_Trees": [0.84022257551669322, 0.64069264069264065, 0.12798096110000007, 0.30184181240000146, 0.47052360340000177], "Gaussian_NB": [0.66216216216216217, 0.64502164502164505, 0.12798096110000007, 0.2454630787000002, 0.34452420239999992], "log_regression": [0.66931637519872811, 0.64502164502164505, 0.12798096110000007, 0.31102264840000043, 0.48843383610000074], "Random_forest": [0.68600953895071537, 0.59307359307359309, 0.12798096110000007, 0.13175335599999999, 0.11095874649999914], "Ensemble": [0.70429252782193963, 0.62770562770562766, 0.12798096110000007, 0.25977107450000042, 0.37562467960000157]}