{"RBF_SVM": [0.64785373608903019, 0.59307359307359309, -0.14696402219999999, -0.062093641900000329, 0.020996737099999153], "Extra_Trees": [0.69077901430842603, 0.61038961038961037, -0.14696402219999999, -0.15277836860000024, -0.17883521570000011], "Gaussian_NB": [0.65341812400635935, 0.60173160173160178, -0.14696402219999999, -0.037117720499999632, 0.073450560199999196], "log_regression": [0.66057233704292528, 0.64069264069264065, -0.14696402219999999, -0.0078259923000010539, 0.14088702099999845], "Random_forest": [0.73926868044515104, 0.59307359307359309, -0.14696402219999999, 0.059058874800000195, 0.28020622549999935], "Ensemble": [0.67170111287758349, 0.58874458874458879, -0.14696402219999999, -0.012683707900000082, 0.1281320643999985]}