{"RBF_SVM": [0.66613672496025433, 0.60434782608695647, 0.11242096110000002, 0.19416928879999995, 0.25993564959999932], "Extra_Trees": [0.74562798092209859, 0.66086956521739126, 0.11242096110000002, 0.24682906379999967, 0.38129614989999916], "Gaussian_NB": [0.66216216216216217, 0.64782608695652177, 0.11242096110000002, 0.28500482089999968, 0.45785765009999924], "log_regression": [0.66931637519872811, 0.64782608695652177, 0.11242096110000002, 0.31165998819999968, 0.51663601789999958], "Random_forest": [0.7933227344992051, 0.63913043478260867, 0.11242096110000002, 0.20039733179999966, 0.27207675099999867], "Ensemble": [0.70826709062003179, 0.65652173913043477, 0.11242096110000002, 0.2806922073, 0.45389649269999865]}