{"RBF_SVM": [0.66693163751987283, 0.64782608695652177, -0.15295799999999982, -0.059655814299999839, 0.030951397299999371], "Extra_Trees": [0.7321144674085851, 0.63043478260869568, -0.15295799999999982, -0.075720214299999866, -0.0059114048999988882], "Gaussian_NB": [0.65023847376788557, 0.60869565217391308, -0.15295799999999982, -0.073151980299999919, 0.0024540373000014369], "log_regression": [0.67249602543720188, 0.66956521739130437, -0.15295799999999982, 0.015486107900000025, 0.19088822519999976], "Random_forest": [0.72734499205087444, 0.60434782608695647, -0.15295799999999982, -0.028708666199999972, 0.096048722500000447], "Ensemble": [0.68918918918918914, 0.63478260869565217, -0.15295799999999982, -0.057978856300000187, 0.032392318999999774]}