{"RBF_SVM": [0.70826709062003179, 0.69999999999999996, 0.035120979300000001, 0.11304275429999998, 0.18835151529999966], "Extra_Trees": [0.70985691573926868, 0.70434782608695656, 0.035120979300000001, 0.12882085409999963, 0.21999372399999939], "Gaussian_NB": [0.69713831478537358, 0.75217391304347825, 0.035120979300000001, 0.19289381309999989, 0.36367161230000095], "log_regression": [0.70508744038155802, 0.67391304347826086, 0.035120979300000001, 0.055440762300000279, 0.068367539699998994], "Random_forest": [0.74880763116057236, 0.73478260869565215, 0.035120979300000001, 0.15530898400000007, 0.28363998390000017], "Ensemble": [0.71303656597774245, 0.71304347826086956, 0.035120979300000001, 0.11331881639999992, 0.1884176454999997]}