{"RBF_SVM": [0.68680445151033387, 0.69565217391304346, -0.10151900000000005, -0.059821172100000333, -0.031289351900000477], "Extra_Trees": [0.68759936406995226, 0.67391304347826086, -0.10151900000000005, -0.07745713029999951, -0.069692261299999336], "Gaussian_NB": [0.68124006359300482, 0.64347826086956517, -0.10151900000000005, -0.16454513889999997, -0.23339727599999968], "log_regression": [0.68759936406995226, 0.68260869565217386, -0.10151900000000005, -0.060035998699999801, -0.032254995800000144], "Random_forest": [0.77980922098569161, 0.62608695652173918, -0.10151900000000005, -0.16034798259999916, -0.22378697719999982], "Ensemble": [0.69395866454689981, 0.67826086956521736, -0.10151900000000005, -0.086627133199999484, -0.084560273700000105]}