{"RBF_SVM": [0.7074721780604134, 0.70869565217391306, -0.033024025600000097, -0.051810024899999189, -0.079079015799999069], "Extra_Trees": [0.75914149443561207, 0.67391304347826086, -0.033024025600000097, -0.071505982600000059, -0.11679093189999985], "Gaussian_NB": [0.69793322734499208, 0.68695652173913047, -0.033024025600000097, -0.010800036100000215, 0.0042269586000002165], "log_regression": [0.71144674085850557, 0.66521739130434787, -0.033024025600000097, -0.055517004300000374, -0.085391989000000473], "Random_forest": [0.75834658187599369, 0.70434782608695656, -0.033024025600000097, -0.049204932899999769, -0.07265782579999977], "Ensemble": [0.72575516693163755, 0.69999999999999996, -0.033024025600000097, -0.028763944400000036, -0.03444984729999942]}