{"RBF_SVM": [0.66057233704292528, 0.74347826086956526, 0.059904048000000147, 0.098281959300000374, 0.12242688320000016], "Extra_Trees": [0.67170111287758349, 0.69999999999999996, 0.059904048000000147, 0.080327018800000594, 0.089230987700000514], "Gaussian_NB": [0.66931637519872811, 0.73478260869565215, 0.059904048000000147, 0.10598419519999988, 0.13747936349999981], "log_regression": [0.67170111287758349, 0.69565217391304346, 0.059904048000000147, 0.074285065600000783, 0.079189080900001318], "Random_forest": [0.68839427662957076, 0.72608695652173916, 0.059904048000000147, 0.20282224900000073, 0.34928447290000075], "Ensemble": [0.68044515103338632, 0.74347826086956526, 0.059904048000000147, 0.15646714260000025, 0.24531324140000088]}