{"RBF_SVM": [0.69952305246422897, 0.73043478260869565, 0.011220000000000072, 0.15121878140000009, 0.30452152940000016], "Extra_Trees": [0.68282988871224171, 0.70869565217391306, 0.011220000000000072, 0.18380384639999955, 0.37544965499999983], "Gaussian_NB": [0.69077901430842603, 0.67391304347826086, 0.011220000000000072, 0.093419679499999977, 0.17849832960000023], "log_regression": [0.69793322734499208, 0.68695652173913047, 0.011220000000000072, 0.068160784499999683, 0.12269054279999946], "Random_forest": [0.7066772655007949, 0.67391304347826086, 0.011220000000000072, 0.10370489100000031, 0.19726276870000001], "Ensemble": [0.69872813990461047, 0.71304347826086956, 0.011220000000000072, 0.15921463399999994, 0.32285121369999997]}